Q1. Which tool comes by default to document Java Sources,A.JavaDocumenter,B.Javadoc,C.DocGen,D.DocGenerator,B
Q2. What is the archive format for java applications and libraries ?,A.Zip,B.Tar,C.7Zip,D.jar,D
Q3. Which file contains the details of java archive contents ?,A.Package file,B.Details file,C.Conf file,D.MANIFEST file,D
Q4. What is the tag to document arguments in a method ?,A.@args,B.@arg,C.@argument,D.@param,D
Q5. What is the starting page for java documentation generated by the Javadoc ?,A.index.php,B.starr.jsp,C.index.html,D.index.java,C
Q6. Which tag is used to specify from when the functionality exist ?,A.@from,B.@starting-from,C.@from-date,D.@since,D
Q7. Which tag you use to specify a certain class is marked for removal in future versions ?,A.@remove,B.@deprecated,C.@removal,D.@will-remove,B
Q8. Which tag is used to specify link to other element of documentation ?,A.@ref,B.@reference,C.@see,D.@link,C
Q9. Which tag is used to specify what exception will be raised ?,A.@exception,B.@throws,C.@raises,D.@thrown,B
Q10. It is good practice to write 2 statements in a same line separated by ; to make the code compact,A.TRUE,B.FALSE,,,B
