Q1.JSP is,A.Server Side Programming Language,B.Client Side Programming Language,C.similar to javascript,D.javascript page,A
Q2.Which is javascript quarry,A.Java.js,B.JQuery.JS,C.Date.JSP,D.Jquarry.JSP,B
Q3.Which is not framework?,A.reset.css,B.widgets.js,C.icon sets,D.apache,D
Q4.Framework are often used to build html prototypes,A.TRUE,B.FALSE,,,A
Q5.Which tool is used to optimize bytecode to machine code?,A.JVM,B.JDK,C.JIT,D.JRE,C
Q6.Which is true about Java,A.Platform is not independent,B.Object oriented language,C.Procedural,D.functional ,B
Q7.What is the extention of java source file,A.(.class),B.(.java),C.(.txt),D.(.js),B
Q8.What is the extention of compile java classes,A.(.class),B.(.java),C.(.txt),D.(.js),A
Q9.IntelliJ software can do which of the following,A.Edit,B.Decompile,C.Architect,,A
Q10.JavaC is used to ,A.Converts java file to class file,B.Converts class file to java file ,C.Converts java file to object file,D.interpret Java code,A
